{
  "version": 1,
  "author": "Mythili Saran",
  "editor": "wokwi",
  "parts": [
    { "type": "wokwi-arduino-uno", "id": "uno", "top": 0, "left": 0, "attrs": {} },
    { "type": "wokwi-led", "id": "led1", "top": -90, "left": 109.4, "attrs": { "color": "red" } },
    {
      "type": "wokwi-led",
      "id": "led2",
      "top": -80.4,
      "left": 128.6,
      "attrs": { "color": "red" }
    },
    { "type": "wokwi-led", "id": "led3", "top": -90, "left": 147.8, "attrs": { "color": "red" } },
    {
      "type": "wokwi-led",
      "id": "led4",
      "top": -128.4,
      "left": 128.6,
      "attrs": { "color": "red" }
    },
    {
      "type": "wokwi-led",
      "id": "led5",
      "top": -157.2,
      "left": 147.8,
      "attrs": { "color": "red" }
    },
    {
      "type": "wokwi-led",
      "id": "led6",
      "top": -176.4,
      "left": 128.6,
      "attrs": { "color": "red" }
    },
    {
      "type": "wokwi-led",
      "id": "led7",
      "top": -147.6,
      "left": 109.4,
      "attrs": { "color": "red" }
    }
  ],
  "connections": [
    [ "led1:C", "uno:GND.1", "green", [ "v19.2", "h10" ] ],
    [ "led1:A", "uno:13", "green", [ "v0", "h9.6", "v28.8" ] ],
    [ "led2:C", "uno:GND.1", "green", [ "v28.8", "h-38" ] ],
    [ "led2:A", "uno:12", "green", [ "v38.4", "h-19.2" ] ],
    [ "led3:C", "uno:GND.1", "green", [ "v38.4", "h0.4" ] ],
    [ "uno:11", "led3:A", "green", [ "v-28.2", "h38.4" ] ],
    [ "led4:C", "uno:GND.1", "green", [ "v0" ] ],
    [ "led4:A", "uno:10", "green", [ "v0" ] ],
    [ "led5:C", "uno:GND.1", "green", [ "v0" ] ],
    [ "led5:A", "uno:9", "green", [ "v0" ] ],
    [ "led6:A", "uno:8", "green", [ "v0" ] ],
    [ "led6:C", "uno:GND.1", "green", [ "v0" ] ],
    [ "led7:A", "uno:7", "green", [ "v0" ] ],
    [ "led7:C", "uno:GND.1", "green", [ "v0" ] ]
  ],
  "dependencies": {}
}